S.No.,Date,Day,1.Distance Covered(KM) Dr. Roshni Gautam,Total Km,1.Villages Visited,Total Village ,"Mobile Clinic1 
Total Cases",Total Cases,Referred to HC,Remarks,Mobile clinic 1 Doctor Present,Mobile clinic 2 Doctor Present,Kul upsthiti ,"Normal Sickness
 बुखार, सर्दी, खांसी, जुकाम, हाथ-पैर दर्द, सिर दर्द, बदन दर्द, पसली चलना, पेट दर्द, पेट फूलना, उल्टी-दस्त आदि","Skin Disease
 फोड़ा-फुंसी, दाद-खाज-खुजली, फंगल इन्फेक्शन आदि","B.P., Sugar related issues
 चक्कर आना, सांस फूलना, घबराहट होना","Chronic Disease
 पुराने रोग (टीबी, कैंसर इत्यादि), पुरानी चोट, पुरानी चोट की वजह से हाथ-पैर में सूजन आदि",आँखों की समस्या,"Others
 Female health issue, Urinary incontinence & infection, Hair fall, heart related problem, Paralysis, Malnutrition Child",,Mobile clinic 1 Reaching Time ,Mobile clinic 1 Leaving Time,Mobile clinic 1 Working hours Time Dr. Roshni Gautam                                
1,25-Feb-2025,Tue,126,126,2,2,42,42,,,1,,1,28,6,5,,3,,TRUE,12:10,17:20,05:10
2,26-Feb-2025,Wed,117,117,3,2,75,75,,,1,,1,46,14,10,,5,,TRUE,10:30,17:30,07:00
3,27-Feb-2025,Thu,117,117,2,2,53,53,,,1,,1,27,21,5,,0,,TRUE,09:30,16:30,07:00
4,28-Feb-2025,Fri,109,109,2,2,59,59,,,1,,1,36,22,0,,1,,TRUE,09:30,17:00,07:30
5,1-Mar-2025,Sat,117,117,2,2,49,49,,,1,,1,7,42,0,,0,,TRUE,09:30,16:00,06:30
6,2-Mar-2025,Sun,,,,,,,,,,,,,,,,,,,,,
7,3-Mar-2025,Mon,,,,,,,,,,,,,,,,,,,,,
8,4-Mar-2025,Tue,,,,,,,,,,,,,,,,,,,,,
9,5-Mar-2025,Wed,,,,,,,,,,,,,,,,,,,,,
10,6-Mar-2025,Thu,,,,,,,,,,,,,,,,,,,,,
11,7-Mar-2025,Fri,,,,,,,,,,,,,,,,,,,,,
12,8-Mar-2025,Sat,,,,,,,,,,,,,,,,,,,,,
13,9-Mar-2025,Sun,,,,,,,,,,,,,,,,,,,,,
14,10-Mar-2025,Mon,156,156,3,3,53,53,,,1,,1,37,16,0,,0,,TRUE,10:10,17:10,07:00
15,11-Mar-2025,Tue,83,83,4,4,81,81,,,1,,1,56,25,0,,0,,TRUE,09:05,16:05,07:00
16,12-Mar-2025,Wed,109,109,3,3,98,98,,,1,,1,54,32,12,,0,,TRUE,09:05,17:05,08:00
17,13-Mar-2025,Thu,9,9,1,1,37,37,,,1,,1,26,11,0,,0,,TRUE,08:10,11:10,03:00
18,14-Mar-2025,Fri,,,,,,,,,,,,,,,,,,,,,
19,15-Mar-2025,Sat,,,,,,,,,,,,,,,,,,,,,
20,16-Mar-2025,Sun,,,,,,,,,,,,,,,,,,,,,
21,17-Mar-2025,Mon,16,16,2,2,16,16,,,1,,1,16,0,0,,0,,TRUE,11:10,14:10,03:00
22,18-Mar-2025,Tue,121,121,2,2,66,66,,,1,,1,24,42,0,,0,,TRUE,10:10,17:10,07:00
23,19-Mar-2025,Wed,130,130,1,1,69,69,,,1,,1,32,37,0,,0,,TRUE,09:10,17:10,08:00
24,20-Mar-2025,Thu,114,114,3,3,84,84,,,1,,1,26,56,2,,0,,TRUE,09:10,17:10,08:00
25,21-Mar-2025,Fri,55,55,1,1,28,28,,,1,,1,18,9,1,,0,,TRUE,07:10,14:10,07:00
26,22-Mar-2025,Sat,65,65,2,2,65,65,,,1,,1,51,12,2,,0,,TRUE,07:30,14:30,07:00
27,23-Mar-2025,Sun,,,,,,,,,,,,,,,,,,,,,
28,24-Mar-2025,Mon,,,,,,,,,,,,,,,,,,,,,
29,25-Mar-2025,Tue,92,92,3,3,42,42,,,1,,1,23,16,3,,0,,TRUE,10:10,17:10,07:00
30,26-Mar-2025,Wed,81,81,2,2,62,62,,,1,,1,47,14,1,,0,,TRUE,07:30,13:30,06:00
31,27-Mar-2025,Thu,135,135,3,3,97,97,,,1,,1,56,39,2,,0,,TRUE,08:10,16:10,08:00
32,28-Mar-2025,Fri,153,153,2,2,88,88,,,1,,1,59,27,2,,0,,TRUE,09:10,16:10,07:00
33,29-Mar-2025,Sat,,,,,,,,,,,,,,,,,,,,,
34,30-Mar-2025,Sun,,,,,,,,,,,,,,,,,,,,,
35,31-Mar-2025,Mon,55,55,2,2,53,53,,,1,,1,42,11,0,,0,,TRUE,08:10,14:10,06:00
36,1-Apr-2025,Tue,24,24,3,3,46,46,,,1,,1,41,3,2,,0,,TRUE,09:30,13:30,04:00
37,2-Apr-2025,Wed,65,65,3,3,58,58,,,1,,1,42,13,3,,0,,TRUE,09:10,15:10,06:00
38,3-Apr-2025,Thu,123,123,3,3,68,68,,,1,,1,47,19,2,,0,,TRUE,10:00,16:00,06:00
39,4-Apr-2025,Fri,121,121,3,3,48,48,,,1,,1,41,7,0,,0,,TRUE,10:00,15:00,05:00
40,5-Apr-2025,Sat,123,123,2,2,39,39,,,1,,1,16,23,0,,0,,TRUE,10:00,13:30,03:30
41,6-Apr-2025,Sun,,,,,,,,,,,,,,,,,,,,,
42,7-Apr-2025,Mon,,,,,,,,,,,,,,,,,,,,,
43,8-Apr-2025,Tue,98,98,2,2,34,34,,,1,,1,29,5,0,,0,,TRUE,09:30,14:30,05:00
44,9-Apr-2025,Wed,100,100,1,1,25,25,,,1,,1,19,5,1,,0,,TRUE,09:30,12:30,03:00
45,10-Apr-2025,Thu,113,113,2,2,57,57,,,1,,1,42,12,3,,0,,TRUE,11:00,15:30,04:30
46,11-Apr-2025,Fri,123,123,2,2,44,44,,,1,,1,33,9,2,,0,,TRUE,09:30,15:30,06:00
47,12-Apr-2025,Sat,109,109,2,2,76,76,,,1,,1,52,19,5,,0,,TRUE,09:30,15:30,06:00
48,13-Apr-2025,Sun,,,,,,,,,,,,,,,,,,,,,
49,14-Apr-2025,Mon,102,102,2,2,104,104,,,1,,1,76,19,9,,0,,TRUE,10:00,15:00,05:00
50,15-Apr-2025,Tue,135,135,3,3,84,84,,,1,,1,53,29,2,,0,,TRUE,09:30,16:00,06:30
51,16-Apr-2025,Wed,140,140,2,2,62,62,,,1,,1,53,7,2,,0,,TRUE,12:00,16:30,04:30
52,17-Apr-2025,Thu,175,175,2,2,40,40,,,1,,1,33,7,0,,0,,TRUE,12:00,16:00,04:00
53,18-Apr-2025,Fri,121,121,2,2,46,46,,,1,,1,33,12,1,,0,,TRUE,09:30,15:30,06:00
54,19-Apr-2025,Sat,61,61,2,2,68,68,,,1,,1,46,19,3,,0,,TRUE,06:00,11:30,05:30
55,20-Apr-2025,Sun,,,,,,,,,,,,,,,,,,,,,
56,21-Apr-2025,Mon,,,,,,,,,,,,,,,,,,,,,
57,22-Apr-2025,Tue,,,,,,,,,,,,,,,,,,,,,
58,23-Apr-2025,Wed,116,116,3,3,70,70,,,1,,1,56,14,0,,0,,TRUE,11:00,17:00,06:00
59,24-Apr-2025,Thu,65,65,2,2,51,51,,,1,,1,48,2,1,,0,,TRUE,07:00,12:00,05:00
60,25-Apr-2025,Fri,141,141,2,2,88,88,,,1,,1,53,32,3,,0,,TRUE,08:30,15:30,07:00
61,26-Apr-2025,Sat,128,128,1,1,47,47,,,1,,1,39,8,0,,0,,TRUE,08:00,14:30,06:30
62,27-Apr-2025,Sun,,,,,,,,,,,,,,,,,,,,,
63,28-Apr-2025,Mon,73,73,1,1,42,42,,,1,,1,37,4,1,,0,,TRUE,10:30,14:30,04:00
64,29-Apr-2025,Tue,10,10,1,1,20,20,,,1,,1,17,3,0,,0,,TRUE,10:30,12:30,02:00
65,30-Apr-2025,Wed,76,76,1,1,44,44,,,1,,1,34,2,8,,0,,TRUE,10:30,14:00,03:30
66,1-May-2025,Thu,34,34,1,1,20,20,,,1,,1,17,0,3,,,,TRUE,10:30,14:30,04:00
67,2-May-2025,Fri,46,46,1,1,30,30,,,1,,1,26,2,2,,,,TRUE,09:30,12:30,03:00
68,3-May-2025,Sat,,,,,,,,,,,,,,,,,,,,,
69,4-May-2025,Sun,,,,,,,,,,,,,,,,,,,,,
70,5-May-2025,Mon,,,,,,,,,,,,,,,,,,,,,
71,6-May-2025,Tue,,,,,,,,,,,,,,,,,,,,,
72,7-May-2025,Wed,,,,,,,,,,,,,,,,,,,,,
73,8-May-2025,Thu,,,,,,,,,,,,,,,,,,,,,
74,9-May-2025,Fri,,,,,,,,,,,,,,,,,,,,,
75,10-May-2025,Sat,,,,,,,,,,,,,,,,,,,,,
76,11-May-2025,Sun,,,,,,,,,,,,,,,,,,,,,
77,12-May-2025,Mon,,,,,,,,,,,,,,,,,,,,,
78,13-May-2025,Tue,112,112,3,3,47,47,,,1,,1,34,9,4,,,,TRUE,10:00,17:30,07:30
79,14-May-2025,Wed,117,117,3,3,66,66,,,1,,1,46,15,4,,1,,TRUE,10:10,17:30,07:20
80,15-May-2025,Thu,85,85,2,2,53,53,,,1,,1,35,15,3,,,,TRUE,10:00,17:30,07:30
81,16-May-2025,Fri,137,137,4,4,72,72,,,1,,1,20,40,11,,1,,TRUE,10:00,17:30,07:30
82,17-May-2025,Sat,105,105,4,4,87,87,,,1,,1,54,29,4,,,,TRUE,10:00,17:30,07:30
83,18-May-2025,Sun,,,,,,,,,,,,,,,,,,,,,
84,19-May-2025,Mon,30,30,4,4,60,60,,,1,,1,52,5,3,,,,TRUE,10:30,17:30,07:00
85,20-May-2025,Tue,99,99,3,3,61,61,,,1,,1,39,19,3,,,,TRUE,09:30,17:00,07:30
86,21-May-2025,Wed,79,79,4,4,82,82,,,1,,1,49,27,6,,,,TRUE,09:30,16:30,07:00
87,22-May-2025,Thu,102,102,4,4,93,93,,,1,,1,61,23,9,,,,TRUE,10:00,18:00,08:00
88,23-May-2025,Fri,127,127,3,3,109,109,,,1,,1,73,28,8,,,,TRUE,09:30,18:00,08:30
89,24-May-2025,Sat,72,72,4,4,103,103,,,1,,1,64,32,7,,,,TRUE,09:30,17:30,08:00
90,25-May-2025,Sun,,,,,,,,,,,,,,,,,,,,,
91,26-May-2025,Mon,151,151,3,3,129,129,,,1,,1,81,42,6,,,,TRUE,10:30,19:00,08:30
92,27-May-2025,Tue,127,127,4,4,61,61,,,1,,1,52,6,3,,,,TRUE,10:00,17:00,07:00
93,28-May-2025,Wed,104,104,3,3,75,75,,,1,,1,61,9,5,,,,TRUE,10:00,16:30,06:30
94,29-May-2025,Thu,,,,,,,,,,,,,,,,,,,,,
95,30-May-2025,Fri,,,,,,,,,,,,,,,,,,,,,
96,31-May-2025,Sat,,,,,,,,,,,,,,,,,,,,,
97,1-Jun-2025,Sun,,,,,,,,,,,,,,,,,,,,,
98,2-Jun-2025,Mon,,,,,,,,,,,,,,,,,,,,,
99,3-Jun-2025,Tue,,,,,,,,,,,,,,,,,,,,,
100,4-Jun-2025,Wed,,,,,,,,,,,,,,,,,,,,,
101,5-Jun-2025,Thu,,,,,,,,,,,,,,,,,,,,,
102,6-Jun-2025,Fri,,,,,,,,,,,,,,,,,,,,,
103,7-Jun-2025,Sat,,,,,,,,,,,,,,,,,,,,,
104,8-Jun-2025,Sun,,,,,,,,,,,,,,,,,,,,,
105,9-Jun-2025,Mon,,,,,,,,,,,,,,,,,,,,,
106,10-Jun-2025,Tue,,,,,,,,,,,,,,,,,,,,,
107,11-Jun-2025,Wed,,,,,,,,,,,,,,,,,,,,,
108,12-Jun-2025,Thu,,,,,,,,,,,,,,,,,,,,,
109,13-Jun-2025,Fri,,,,,,,,,,,,,,,,,,,,,
110,14-Jun-2025,Sat,,,,,,,,,,,,,,,,,,,,,
111,15-Jun-2025,Sun,,,,,,,,,,,,,,,,,,,,,
112,16-Jun-2025,Mon,98,98,2,2,54,54,,,1,,1,43,10,1,,,,TRUE,10:30,16:30,06:00
113,17-Jun-2025,Tue,,,,,,,,,,,,,,,,,,,,,
114,18-Jun-2025,Wed,,,,,,,,,,,,,,,,,,,,,
115,19-Jun-2025,Thu,,,,,,,,,,,,,,,,,,,,,
116,20-Jun-2025,Fri,,,,,,,,,,,,,,,,,,,,,
117,21-Jun-2025,Sat,,,,,,,,,,,,,,,,,,,,,
118,22-Jun-2025,Sun,,,,,,,,,,,,,,,,,,,,,
119,23-Jun-2025,Mon,,,,,,,,,,,,,,,,,,,,,
120,24-Jun-2025,Tue,,,,,,,,,,,,,,,,,,,,,
121,25-Jun-2025,Wed,,,,,,,,,,,,,,,,,,,,,
122,26-Jun-2025,Thu,,,,,,,,,,,,,,,,,,,,,
123,27-Jun-2025,Fri,,,,,,,,,,,,,,,,,,,,,
124,28-Jun-2025,Sat,,,,,,,,,,,,,,,,,,,,,
125,29-Jun-2025,Sun,,,,,,,,,,,,,,,,,,,,,
126,30-Jun-2025,Mon,,,,,,,,,,,,,,,,,,,,,
127,1-Jul-2025,Tue,OFF,,,,,,,,,,,,,,,,,,,,
128,1-Aug-2025,Wed,OFF,,,,,,,,,,,,,,,,,,,,
129,1-Sep-2025,Thu,OFF,,,,,,,,,,,,,,,,,,,,
130,1-Oct-2025,Wed,,,,,,,,,,,,,,,,,,TRUE,,,0
131,2-Oct-2025,Thu,,,,,,,,,,,,,,,,,,TRUE,,,0
132,3-Oct-2025,Fri ,,,,,,,,,,,,,,,,,,TRUE,,,0
133,4-Oct-2025,Sat,60,60,3,3,33,33,,,1,,1,32,1,,,,,TRUE,09:17,17:00,07:43
134,5-Oct-2025,Sun,,,,,,,,,,,,,,,,,,,,,
135,6-Oct-2025,Mon,127,127,4,4,49,49,,,1,,1,39,10,,,,,TRUE,09:30,17:30,08:00
136,7-Oct-2025,Tue,108,108,2,2,71,71,,,1,,1,62,9,,,,,TRUE,09:00,17:00,08:00
137,8-Oct-2025,Wed,118,118,3,3,46,46,,,1,,1,34,12,,,,,TRUE,09:30,17:30,08:00
138,9-Oct-2025,Thu,123,123,3,3,61,61,,,1,,1,53,8,,,,,TRUE,09:30,17:30,08:00
139,10-Oct-2025,Fri,114,114,3,3,118,118,,,1,,1,55,61,2,,,,TRUE,09:30,17:30,08:00
140,11-Oct-2025,Sat,94,94,3,3,88,88,,,1,,1,81,6,1,,,,TRUE,09:30,17:30,08:00
141,12-Oct-2025,Sun,,,,,,,,,,,,,,,,,,,,,
142,13-Oct-2025,Mon,135,135,4,4,73,73,,,1,,1,65,8,,,,,TRUE,09:30,17:30,08:00
143,14-Oct-2025,Tue,81,81,3,3,128,128,,,1,,1,112,16,,,,,TRUE,09:30,17:30,08:00
144,15-Oct-2025,Wed,175,175,4,4,132,132,,,1,,1,101,31,,,,,TRUE,09:30,18:00,08:30
145,16-Oct-2025,Thu,183,183,2,2,92,92,,,1,,1,58,34,,,,,TRUE,09:58,17:00,07:02
146,17-Oct-2025,Fri,46,46,4,4,65,65,,,1,,1,58,7,,,,,TRUE,09:30,17:30,08:00
147,18-Oct-2025,Sat,,,,,,,,,,,,,,,,,,TRUE,,,07:00
148,19-Oct-2025,Sun,,,,,,,,,,,,,,,,,,,,,
149,20-Oct-2025,Mon,,,,,,,,,,,,,,,,,,TRUE,,,07:00
150,21-Oct-2025,Tue,,,,,,,,,,,,,,,,,,TRUE,,,07:00
151,22-Oct-2025,Wed,,,,,,,,,,,,,,,,,,TRUE,,,07:00
152,23-Oct-2025,Thu,,,,,,,,,,,,,,,,,,TRUE,,,07:00
153,24-Oct-2025,Fri,72,72,4,4,78,78,,,1,,1,67,9,2,,,,TRUE,09:30,17:30,08:00
154,25-Oct-2025,Sat,58,58,4,4,63,63,,,1,,1,55,6,2,,,,TRUE,09:30,17:30,08:00
155,26-Oct-2025,Sun,,,,,,,,,,,,,,,,,,,,,
156,27-Oct-2025,Mon,92,92,3,3,55,55,,,1,,1,49,6,,,,,TRUE,09:30,17:30,08:00
157,28-Oct-2025,Tue,89,89,3,3,34,34,,,1,,1,32,2,,,,,TRUE,09:30,17:30,08:00
158,29-Oct-2025,Wed,97,97,3,3,48,48,,,1,,1,42,6,,,,,TRUE,09:30,17:30,08:00
159,30-Oct-2025,Thu,94,94,3,3,45,45,,,1,,1,41,4,,,,,TRUE,09:30,17:30,08:00
160,31-Oct-2025,Fri,218,218,3,3,68,68,,,1,,1,35,33,,,,,TRUE,09:30,17:30,08:00
161,1-Nov-2025,Sat,157,157,2,2,51,51,,,1,,1,44,5,2,,,,TRUE,09:30,17:30,08:00
162,2-Nov-2025,Sun,,,,,,,,,,,,,,,,,,,,,
163,3-Nov-2025,Mon,148,148,3,3,51,51,,,1,,1,42,9,,,,,TRUE,09:30,17:30,08:00
164,4-Nov-2025,Tue,128,128,1,1,16,16,,,1,,1,14,2,,,,,TRUE,09:30,17:30,08:00
165,5-Nov-2025,Wed,91,91,2,2,34,34,,,1,,1,31,3,,,,,TRUE,09:30,16:30,07:00
166,6-Nov-2025,Thu,133,133,3,3,53,53,,,1,,1,46,7,,,,,TRUE,09:30,17:30,08:00
167,7-Nov-2025,Fri,192,192,3,3,65,65,,,1,,1,61,4,,,,,TRUE,09:30,17:30,08:00
168,8-Nov-2025,Sat,42,42,3,3,49,49,,,1,,1,43,6,,,,,TRUE,09:30,17:30,08:00
169,9-Nov-2025,Sun,,,,,,,,,,,,,,,,,,,,,
170,10-Nov-2025,Mon,115,115,3,3,57,57,,,1,,1,36,21,,,,,TRUE,09:30,17:30,08:00
171,11-Nov-2025,Tue,93,93,3,3,60,60,,,1,,1,49,11,,,,,TRUE,09:30,17:30,08:00
172,12-Nov-2025,Wed,79,79,4,4,59,59,1,,1,,1,32,27,,,,,TRUE,09:30,17:30,08:00
173,13-Nov-2025,Thu,,,,,,,,,,,,,,,,,,TRUE,,,
174,14-Nov-2025,Fri,,,,,,,,,,,,,,,,,,TRUE,,,
175,15-Nov-2025,Sat,,,,,,,,,,,,,,,,,,TRUE,,,
176,16-Nov-2025,Sun,,,,,,,,,,,,,,,,,,,,,
177,17-Nov-2025,Mon,61,61,2,2,99,99,,,1,,1,72,23,4,,,,TRUE,09:30,17:30,08:00
178,18-Nov-2025,Tue,62,65,2,2,74,74,,,1,,1,64,7,3,,,,TRUE,09:30,17:30,08:00
179,19-Nov-2025,Wed,58,58,3,3,48,48,,,1,,1,46,2,,,,,TRUE,09:30,17:30,08:00
180,20-Nov-2025,Thu,64,64,3,3,82,82,,,1,,1,78,3,1,,,,TRUE,09:30,17:30,08:00
181,21-Nov-2025,Fri,115,115,4,4,64,64,,,1,,1,55,9,,,,,TRUE,09:30,17:30,08:00
182,22-Nov-2025,Sat,115,115,3,3,53,53,,,1,,1,46,7,,,,,TRUE,09:30,17:30,08:00
183,23-Nov-2025,Sun,,,,,,,,,,,,,,,,,,,,,
184,24-Nov-2025,Mon,111,111,3,3,84,84,1,,1,,1,66,18,,,,,TRUE,09:30,17:30,08:00
185,25-Nov-2025,Tue,109,109,4,4,46,46,,,1,,1,43,3,,,,,TRUE,09:30,17:30,08:00
186,26-Nov-2025,Wed,124,124,3,3,64,64,,,1,,1,58,6,,,,,TRUE,09:30,17:30,08:00
187,27-Nov-2025,Thu,97,97,3,3,62,62,,,1,,1,55,7,,,,,TRUE,09:30,17:30,08:00
188,28-Nov-2025,Fri,115,115,4,4,72,72,,,1,,1,37,35,,,,,TRUE,09:30,17:30,08:00
189,29-Nov-2025,Sat,46,46,4,4,78,78,,,1,,1,75,3,,,,,TRUE,09:30,17:30,08:00
190,30-Nov-2025,Sun,,,,,,,,,,,,,,,,,,,,,
191,1-Dec-2025,Mon,147,147,3,3,72,72,,,1,,1,53,19,,,,,TRUE,09:30,17:30,08:00
192,2-Dec-2025,Tue,84,84,4,4,96,96,,,1,,1,62,34,,,,,TRUE,09:30,17:30,08:00
193,3-Dec-2025,Wed,94,94,3,3,76,76,,,1,,1,65,11,,,,,TRUE,09:30,17:30,08:00
194,4-Dec-2025,Thu,128,128,3,3,71,71,,,1,,1,63,8,,,,,TRUE,09:30,17:30,08:00
195,5-Dec-2025,Fri,70,70,4,4,84,84,,,1,,1,65,19,,,,,TRUE,09:30,17:30,08:00
196,6-Dec-2025,Sat,57,57,4,4,67,67,,,1,,1,59,8,,,,,TRUE,09:30,17:30,08:00
197,7-Dec-2025,Sun,,,,,,,,,,,,,,,,,,,,,
198,8-Dec-2025,Mon,114,114,4,4,62,62,,,1,,1,46,16,,,,,TRUE,09:30,17:30,08:00
199,9-Dec-2025,Tue,122,122,4,4,84,84,,,1,,1,65,19,,,,,TRUE,09:30,17:30,08:00
200,10-Dec-2025,Wed,62,62,3,3,116,116,,,1,,1,85,31,,,,,TRUE,09:30,17:30,08:00
201,11-Dec-2025,Thu,110,110,3,3,79,79,,,1,,1,56,23,,,,,TRUE,09:30,17:30,08:00
202,12-Dec-2025,Fri,104,104,3,3,78,78,,,1,,1,59,19,,,,,TRUE,09:30,17:30,08:00
203,13-Dec-2025,Sat,68,68,2,2,40,40,,,1,,1,35,5,,,,,TRUE,09:30,17:30,08:00
204,14-Dec-2025,Sun,,,,,,,,,,,,,,,,,,,,,
205,15-Dec-2025,Mon,98,98,3,3,69,69,,,1,,1,18,51,,,,,TRUE,09:30,17:30,08:00
206,16-Dec-2025,Tue,108,108,4,4,69,69,1,,1,,1,51,18,,,,,TRUE,09:30,17:30,08:00
207,17-Dec-2025,Wed,92,92,3,3,62,62,,,1,,1,46,16,,,,,TRUE,09:30,17:30,08:00
208,18-Dec-2025,Thu,43,43,4,4,56,56,,,1,,1,52,4,,,,,TRUE,09:30,17:30,08:00
209,19-Dec-2025,Fri,80,80,4,4,71,71,,,1,,1,45,26,,,,,TRUE,09:30,17:30,08:00
210,20-Dec-2025,Sat,93,93,3,3,60,60,,,1,,1,42,18,,,,,TRUE,09:30,17:30,08:00
211,21-Dec-2025,Sun,,,,,,,,,,,,,,,,,,,,,
212,22-Dec-2025,Mon,107,107,3,3,51,51,,,1,,1,37,14,,,,,TRUE,09:30,17:30,08:00
213,23-Dec-2025,Tue,67,67,4,4,113,113,,,1,,1,82,31,,,,,TRUE,09:30,17:30,08:00
214,24-Dec-2025,Wed,108,108,4,4,71,71,,,1,,1,45,26,,,,,TRUE,09:30,17:30,08:00
215,25-Dec-2025,Thu,115,115,4,4,75,75,,,1,,1,54,21,,,,,TRUE,09:30,17:30,08:00
216,26-Dec-2025,Fri,149,149,3,3,66,66,,,1,,1,49,17,,,,,TRUE,09:30,17:30,08:00
217,27-Dec-2025,Sat,59,59,3,3,100,100,,,1,,1,77,23,,,,,TRUE,09:30,17:30,08:00
218,28-Dec-2025,Sun,,,,,,,,,,,,,,,,,,,,,
219,29-Dec-2025,Mon,118,118,4,4,83,83,,,1,,1,51,32,,,,,TRUE,09:30,17:30,08:00
220,30-Dec-2025,Tue,117,117,4,4,97,97,,,1,,1,75,19,,,3,,TRUE,09:30,17:30,08:00
221,31-Dec-2025,Wed,100,100,3,3,78,78,,,1,,1,65,13,,,,,TRUE,09:30,17:30,08:00
222,1-Jan-2026,Thu,115,115,4,4,89,89,,,1,,1,63,26,,,,,TRUE,09:30,16:30,07:00
223,2-Jan-2026,Fri,105,105,3,3,61,61,,,1,,1,35,26,,,,,TRUE,10:10,17:20,07:10
224,3-Jan-2026,Sat,93,93,3,3,76,76,,,1,,1,57,19,,,,,TRUE,10:05,17:20,07:15
225,4-Jan-2026,Sun,,,,,,,,,,,,,,,,,,,,,
226,5-Jan-2026,Mon,108,108,4,4,105,105,,,1,,1,74,29,2,,,,TRUE,09:56,17:11,07:15
227,6-Jan-2026,Tue,36,36,4,4,89,89,,,1,,1,73,14,2,,,,TRUE,09:22,16:51,07:29
228,7-Jan-2026,Wed,68,68,4,4,100,100,,,1,,1,78,21,1,,,,TRUE,09:39,16:58,07:19
229,8-Jan-2026,Thu,94,94,4,4,92,92,,,1,,1,74,13,3,2,,,TRUE,09:53,17:11,07:18
230,9-Jan-2026,Fri,104,104,4,4,84,84,,,1,,1,66,15,2,1,,,TRUE,09:37,16:52,07:15
231,10-Jan-2026,Sat,52,52,3,3,68,68,,,1,,1,60,7,1,,,,TRUE,09:42,16:56,07:14
232,11-Jan-2026,Sun,,,,,,,,,,,,,,,,,,,,,
233,12-Jan-2026,Mon,85,85,3,3,68,68,,,1,,1,61,5,2,,,,TRUE,10:27,17:38,07:11
234,13-Jan-2026,Tue,43,43,3,3,81,81,,,1,,1,58,19,2,2,,,TRUE,08:38,15:46,07:08
235,14-Jan-2026,Wed,127,127,3,3,102,102,,,1,,1,75,23,3,1,,,TRUE,10:27,17:34,07:07
236,15-Jan-2026,Thu,130,130,3,3,63,63,1,,1,,1,33,29,1,,,,TRUE,10:19,17:23,07:04
237,16-Jan-2026,Fri,42,42,4,4,87,87,,,1,,1,76,9,2,,,,TRUE,10:07,17:19,07:12
238,17-Jan-2026,Sat,134,134,4,4,68,68,1,,1,,1,48,18,1,1,,,TRUE,09:42,16:52,07:10
239,18-Jan-2026,Sun,,,,,,,,,,,,,,,,,,,,,
240,19-Jan-2026,Mon,101,101,3,3,69,69,1,,1,,1,55,13,,1,,,TRUE,09:41,16:54,07:13
241,20-Jan-2026,Tue,100,100,3,3,82,82,,,1,,1,63,17,1,1,,,TRUE,09:56,17:09,07:13
242,21-Jan-2026,Wed,69,69,3,3,55,55,,,1,,1,34,18,2,1,,,TRUE,10:06,17:11,07:05
243,22-Jan-2026,Thu,64,64,4,4,88,88,,,1,,1,61,23,2,2,,,TRUE,09:42,16:49,07:07
244,23-Jan-2026,Fri,106,106,4,4,57,57,,,1,,1,31,24,1,1,,,TRUE,09:58,17:06,07:08
245,24-Jan-2026,Sat,30,30,4,4,45,45,,,1,,1,30,14,,1,,,TRUE,09:38,16:51,07:13
246,25-Jan-2026,Sun,,,,,,,,,,,,,,,,,,,,,
247,26-Jan-2026,Mon,107,107,4,4,56,56,,,1,,1,47,7,1,1,,,TRUE,09:52,16:57,07:05
248,27-Jan-2026,Tue,,,,,,,,,,,,,,,,,,,,,
249,28-Jan-2026,Wed,152,152,3,3,86,86,,,1,,1,56,27,2,1,,,TRUE,10:06,17:11,07:05
250,29-Jan-2026,Thu,79,79,4,4,57,57,,,1,,1,40,13,2,2,,,TRUE,09:46,16:51,07:05
251,30-Jan-2026,Fri,121,121,3,3,61,61,,,1,,1,35,21,2,3,,,TRUE,10:18,17:23,07:05
252,31-Jan-2026,Sat,60,60,4,4,63,63,,,1,,1,50,9,3,1,,,TRUE,09:37,16:41,07:04
253,1-Feb-2026,Sun,,,,,,,,,,,,,,,,,,,,,
254,2-Feb-2026,Mon,100,100,4,4,58,58,,,1,,1,46,11,0,,1,,TRUE,09:52,17:06,07:14
255,3-Feb-2026,Tue,43,43,4,4,83,83,,,1,,1,69,12,1,,1,,TRUE,09:22,16:37,07:15
256,4-Feb-2026,Wed,109,109,3,3,66,66,,,1,,1,40,23,2,1,,,TRUE,09:47,17:03,07:16
257,5-Feb-2026,Thu,107,107,3,3,68,68,,,1,,1,51,16,,,1,,TRUE,09:33,16:46,07:13
258,6-Feb-2026,Fri,100,100,4,4,74,74,,,1,,1,45,27,1,1,,,TRUE,10:21,17:37,07:16
259,7-Feb-2026,Sat,58,58,4,4,51,51,,,1,,1,37,11,2,1,,,TRUE,10:17,17:23,07:06
260,8-Feb-2026,Sun,,,,,,,,,,,,,,,,,,,,,
261,9-Feb-2026,Mon,103,103,4,4,82,82,,,1,,1,51,26,3,2,,,TRUE,09:27,16:38,07:11
262,10-Feb-2026,Tue,64,64,3,3,57,57,,,1,,1,36,21,,,,,TRUE,08:46,15:51,07:05
263,11-Feb-2026,Wed,73,73,3,3,67,67,,,1,,1,44,17,6,,,,TRUE,08:57,16:00,07:03
264,12-Feb-2026,Thu,93,93,3,3,57,57,,,1,,1,37,19,1,,,,TRUE,08:50,15:56,07:06
265,13-Feb-2026,Fri,136,136,3,3,71,71,,,1,,1,39,30,2,,,,TRUE,09:05,16:10,07:05
266,14-Feb-2026,Sat,25,25,3,3,46,46,,,1,,1,36,7,2,1,,,TRUE,08:02,15:07,07:05
267,15-Feb-2026,Sun,,,,,,,,,,,,,,,,,,,,,
268,16-Feb-2026,Mon,86,86,4,4,55,55,,,1,,1,41,11,2,1,,,TRUE,09:23,16:31,07:08
269,17-Feb-2026,Tue,141,141,4,4,82,82,,,1,,1,50,27,2,3,,,TRUE,09:03,16:14,07:11
270,18-Feb-2026,Wed,121,121,4,4,75,75,,,1,,1,52,19,2,2,,,TRUE,09:16,16:42,07:26
271,19-Feb-2026,Thu,112,112,4,4,62,62,,,1,,1,46,16,,,,,TRUE,09:02,16:19,07:17
272,20-Feb-2026,Fri,112,112,3,3,55,55,,,1,,1,43,11,,,1,,TRUE,09:17,16:28,07:11
273,21-Feb-2026,Sat,43,43,4,4,62,62,,,1,,1,47,11,3,,1,,TRUE,07:24,14:33,07:09
274,22-Feb-2026,Sun,,,,,,,,,,,,,,,,,,,,,
275,23-Feb-2026,Mon,,,,,,,,,,,,,,,,,,,,,
276,24-Feb-2026,Tue,47,47,3,3,44,44,,,1,,1,24,12,3,,5,,TRUE,10:07,17:19,07:12
277,25-Feb-2026,Wed,103,103,4,4,71,71,,,1,,1,48,18,2,,3,,TRUE,08:56,16:06,07:10
278,26-Feb-2026,Thu,148,148,3,3,63,63,,,1,,1,41,21,1,,,,TRUE,08:40,15:52,07:12
279,27-Feb-2026,Fri,40,40,3,3,49,49,,,1,,1,33,7,6,,3,,TRUE,10:02,17:11,07:09
280,28-Feb-2026,Sat,28,28,4,4,51,51,,,1,,1,39,7,3,,2,,TRUE,08:03,15:17,07:14
281,1-Mar-2026,Sun,,,,,,,,,,,,,,,,,,,,,
282,2-Mar-2026,Mon,,,,,,,,,,,,,,,,,,,,,
283,3-Mar-2026,Tue,,,,,,,,,,,,,,,,,,,,,
284,4-Mar-2026,Wed,,,,,,,,,,,,,,,,,,,,,
285,5-Mar-2026,Thu,,,,,,,,,,,,,,,,,,,,,
286,6-Mar-2026,Fri,65,65,4,4,52,52,,,1,,1,36,13,2,,1,,TRUE,08:11,15:17,07:06
287,7-Mar-2026,Sat,63,63,4,4,41,41,,,1,,1,31,9,1,,,,TRUE,09:06,16:11,07:05
288,8-Mar-2026,Sun,,,,,,,,,,,,,,,,,,,,,
289,9-Mar-2026,Mon,102,102,3,3,51,51,,,1,,1,38,13,,,,,TRUE,08:19,15:24,07:05
290,10-Mar-2026,Tue,76,76,4,4,55,55,,,1,,1,38,16,1,,,,TRUE,08:11,15:19,07:08
291,11-Mar-2026,Wed,127,127,4,4,65,65,,,1,,1,41,22,1,,1,,TRUE,09:06,16:12,07:06
292,12-Mar-2026,Thu,32,32,3,3,29,29,,,1,,1,18,10,,,1,,TRUE,10:19,17:27,07:08
293,13-Mar-2026,Fri,106,106,3,3,70,70,,,1,,1,46,21,2,,1,,TRUE,08:02,15:11,07:09
294,14-Mar-2026,Sat,54,54,4,4,51,51,,,1,,1,39,7,3,,2,,TRUE,08:21,15:40,07:19
295,15-Mar-2026,Sun,,,,,,,,,,,,,,,,,,,,,
296,16-Mar-2026,Mon,108,108,4,4,53,53,,,1,,1,41,11,1,,,,TRUE,09:13,16:21,07:08
297,17-Mar-2026,Tue,112,112,4,4,63,63,,,1,,1,41,19,2,,1,,TRUE,10:12,17:24,07:12
298,18-Mar-2026,Wed,118,118,3,3,57,57,,,1,,1,31,26,,,,,TRUE,09:02,16:12,07:10
299,19-Mar-2026,Thu,84,84,4,4,61,61,,,1,,1,46,11,3,,1,,TRUE,09:14,17:21,08:07
300,20-Mar-2026,Fri,54,54,5,5,82,82,,,1,,1,60,19,2,,1,,TRUE,09:11,16:41,07:30
301,21-Mar-2026,Sat,31,31,4,4,51,51,,,1,,1,44,6,1,,,,TRUE,08:21,15:33,07:12
302,22-Mar-2026,Sun,,,,,,,,,,,,,,,,,,,,,
303,23-Mar-2026,Mon,127,127,3,3,54,54,,,1,,1,44,7,1,,2,,TRUE,09:34,16:56,07:22
304,24-Mar-2026,Tue,147,147,3,3,74,74,,,1,,1,52,17,2,,3,,TRUE,08:27,15:51,07:24
305,25-Mar-2026,Wed,127,127,4,4,79,79,,,1,,1,56,21,,,2,,TRUE,09:32,17:04,07:32
306,26-Mar-2026,Thu,111,111,2,2,33,33,,,1,,1,22,9,,,2,,TRUE,09:39,17:04,07:25
307,27-Mar-2026,Fri,119,119,4,4,103,103,,,1,,1,71,28,1,,3,,TRUE,09:12,16:38,07:26
308,28-Mar-2026,Sat,85,85,4,4,141,141,,,1,,1,95,37,5,,4,,TRUE,10:02,17:11,07:09
309,29-Mar-2026,Sun,,,,,,,,,,,,,,,,,,,,,
310,30-Mar-2026,Mon,68,68,4,4,66,66,,,1,,1,54,11,,,1,,TRUE,09:07,16:19,07:12
311,31-Mar-2026,Tue,57,57,5,5,168,168,,,1,,1,136,20,7,,5,,TRUE,09:13,16:43,07:30
312,1-Apr-2026,Wed,82,82,4,4,46,46,,,1,,1,31,14,,,1,,TRUE,09:10,16:23,07:13
313,2-Apr-2026,Thu,111,111,4,4,57,57,,,1,,1,41,13,2,,1,,TRUE,09:04,16:29,07:25
314,3-Apr-2026,Fri,58,58,4,4,77,77,3,,1,,1,65,5,3,,2,2,TRUE,09:21,16:37,07:16
315,4-Apr-2026,Sat,40,40,4,4,52,52,1,,1,,1,39,7,2,,1,3,TRUE,08:34,15:51,07:17
316,5-Apr-2026,Sun,,,,,,,,,,,,,,,,,,,,,
317,6-Apr-2026,Mon,134,134,4,4,62,62,2,,1,,1,48,12,,2,,,TRUE,09:39,16:51,07:12
318,7-Apr-2026,Tue,109,109,4,4,22,22,,,1,,1,13,8,,1,,,TRUE,08:43,16:02,07:19
319,8-Apr-2026,Wed,48,48,4,4,92,92,3,,1,,1,68,15,4,,2,3,TRUE,08:53,16:11,07:18
320,9-Apr-2026,Thu,54,54,4,4,56,56,2,,1,,1,39,12,1,,,4,TRUE,08:01,15:09,07:08
321,10-Apr-2026,Fri,94,94,4,4,85,85,1,,1,,1,50,27,5,1,,2,TRUE,08:54,15:52,06:58
322,11-Apr-2026,Sat,30,30,4,4,52,52,,,1,,1,33,13,3,1,2,,TRUE,08:50,15:55,07:05
323,12-Apr-2026,Sun,,,,,,,,,,,,,,,,,,,,,
324,13-Apr-2026,Mon,109,109,4,4,60,60,1,,1,,1,47,11,,1,1,,TRUE,09:22,16:29,07:07
325,14-Apr-2026,Tue,121,121,4,4,52,52,,,1,,1,34,16,,2,,,TRUE,09:17,16:33,07:16
326,15-Apr-2026,Wed,149,149,3,3,62,62,,,1,,1,45,13,,3,,1,TRUE,08:42,15:57,07:15
327,16-Apr-2026,Thu,57,57,3,3,83,83,,,1,,1,59,16,5,,,3,TRUE,09:19,16:28,07:09
328,17-Apr-2026,Fri,67,67,4,4,42,42,,,1,,1,31,9,1,,1,,TRUE,09:12,16:18,07:06
329,18-Apr-2026,Sat,47,47,4,4,50,50,1,,1,,1,40,7,1,,1,1,TRUE,08:41,15:52,07:11
330,19-Apr-2026,Sun,,,,,,,,,,,,,,,,,,,,,
331,20-Apr-2026,Mon,116,116,4,4,49,49,,,1,,1,38,9,,2,,,TRUE,08:49,16:02,07:13
332,21-Apr-2026,Tue,108,108,4,4,52,52,,,1,,1,40,12,,,,,TRUE,09:27,16:40,07:13
333,22-Apr-2026,Wed,109,109,4,4,53,53,1,,1,,1,38,14,1,,,,TRUE,08:53,15:49,06:56
334,23-Apr-2026,Thu,93,93,4,4,54,54,,,1,,1,41,11,1,,1,,TRUE,08:42,15:54,07:12
335,24-Apr-2026,Fri,98,98,4,4,69,69,,,1,,1,50,16,,1,2,,TRUE,08:59,16:00,07:01
336,25-Apr-2026,Sat,100,100,4,4,42,42,1,,1,,1,28,14,,,,,TRUE,09:02,16:19,07:17
337,26-Apr-2026,Sun,,,,,,,,,,,,,,,,,,,,,
338,27-Apr-2026,Mon,85,85,4,4,41,41,,,1,,1,27,14,,,,,TRUE,09:05,16:06,07:01
339,28-Apr-2026,Tue,98,98,4,4,77,77,,,1,,1,68,9,,,,,TRUE,09:02,16:19,07:17
340,29-Apr-2026,Wed,97,97,4,4,42,42,,,1,,1,28,9,5,,,,TRUE,09:30,16:32,07:02
341,30-Apr-2026,Thu,48,48,4,4,41,41,,,1,,1,31,8,2,,,,TRUE,09:05,16:10,07:05
342,1-May-2026,Fri,,,,,,,,,,,,,,,,,,,,,
343,2-May-2026,Sat,,,,,,,,,,,,,,,,,,,,,
344,3-May-2026,Sun,,,,,,,,,,,,,,,,,,,,,
345,4-May-2026,Mon,,,,,,,,,,,,,,,,,,,,,
346,5-May-2026,Tue,,,,,,,,,,,,,,,,,,,,,
347,6-May-2026,Wed,,,,,,,,,,,,,,,,,,,,,
348,7-May-2026,Thu,,,,,,,,,,,,,,,,,,,,,
349,8-May-2026,Fri,,,,,,,,,,,,,,,,,,,,,
350,9-May-2026,Sat,,,,,,,,,,,,,,,,,,,,,
351,10-May-2026,Sun,,,,,,,,,,,,,,,,,,,,,
352,11-May-2026,Mon,,,,,,,,,,,,,,,,,,TRUE,,,0
353,12-May-2026,Tue,,,,,,,,,,,,,,,,,,TRUE,,,0
354,13-May-2026,Wed,,,,,,,,,,,,,,,,,,TRUE,,,0
355,14-May-2026,Thu,,,,,,,,,,,,,,,,,,TRUE,,,0
356,15-May-2026,Fri,,,,,,,,,,,,,,,,,,TRUE,,,0
357,16-May-2026,Sat,,,,,,,,,,,,,,,,,,TRUE,,,0
358,17-May-2026,Sun,,,,,,,,,,,,,,,,,,,,,
359,18-May-2026,Mon,,,,,,,,,,,,,,,,,,TRUE,,,0
360,19-May-2026,Tue,,,,,,,,,,,,,,,,,,TRUE,,,0
361,20-May-2026,Wed,,,,,,,,,,,,,,,,,,TRUE,,,0
362,21-May-2026,Thu,,,,,,,,,,,,,,,,,,TRUE,,,0
363,22-May-2026,Fri,,,,,,,,,,,,,,,,,,TRUE,,,0
364,23-May-2026,Sat,,,,,,,,,,,,,,,,,,TRUE,,,0
365,24-May-2026,Sun,,,,,,,,,,,,,,,,,,,,,
366,25-May-2026,Mon,,,,,,,,,,,,,,,,,,TRUE,,,0
367,26-May-2026,Tue,,,,,,,,,,,,,,,,,,TRUE,,,0
368,27-May-2026,Wed,,,,,,,,,,,,,,,,,,TRUE,,,0
369,28-May-2026,Thu,,,,,,,,,,,,,,,,,,TRUE,,,0
370,29-May-2026,Fri,,,,,,,,,,,,,,,,,,TRUE,,,0
371,30-May-2026,Sat,,,,,,,,,,,,,,,,,,TRUE,,,0
372,31-May-2026,Sun,,,,,,,,,,,,,,,,,,,,,
373,1-Jun-2026,Mon,,,,,,,,,,,,,,,,,,TRUE,,,0
374,2-Jun-2026,Tue,,,,,,,,,,,,,,,,,,TRUE,,,0
375,3-Jun-2026,Wed,,,,,,,,,,,,,,,,,,TRUE,,,0
376,4-Jun-2026,Thu,,,,,,,,,,,,,,,,,,TRUE,,,0
377,5-Jun-2026,Fri,,,,,,,,,,,,,,,,,,TRUE,,,0
378,6-Jun-2026,Sat,,,,,,,,,,,,,,,,,,TRUE,,,0
379,7-Jun-2026,Sun,,,,,,,,,,,,,,,,,,,,,
380,8-Jun-2026,Mon,,,,,,,,,,,,,,,,,,TRUE,,,0
381,9-Jun-2026,Tue,,,,,,,,,,,,,,,,,,TRUE,,,0
382,10-Jun-2026,Wed,,,,,,,,,,,,,,,,,,TRUE,,,0
383,11-Jun-2026,Thu,,,,,,,,,,,,,,,,,,TRUE,,,0
384,12-Jun-2026,Fri,,,,,,,,,,,,,,,,,,TRUE,,,0
385,13-Jun-2026,Sat,,,,,,,,,,,,,,,,,,TRUE,,,0
386,14-Jun-2026,Sun,,,,,,,,,,,,,,,,,,,,,
387,15-Jun-2026,Mon,,,,,,,,,,,,,,,,,,TRUE,,,0
388,16-Jun-2026,Tue,,,,,,,,,,,,,,,,,,TRUE,,,0
389,17-Jun-2026,Wed,,,,,,,,,,,,,,,,,,TRUE,,,0
390,18-Jun-2026,Thu,,,,,,,,,,,,,,,,,,TRUE,,,0
391,19-Jun-2026,Fri,,,,,,,,,,,,,,,,,,TRUE,,,0
392,20-Jun-2026,Sat,,,,,,,,,,,,,,,,,,TRUE,,,0
393,21-Jun-2026,Sun,,,,,,,,,,,,,,,,,,,,,
394,22-Jun-2026,Mon,,,,,,,,,,,,,,,,,,TRUE,,,0
395,23-Jun-2026,Tue,,,,,,,,,,,,,,,,,,TRUE,,,0
396,24-Jun-2026,Wed,,,,,,,,,,,,,,,,,,TRUE,,,0
397,25-Jun-2026,Thu,,,,,,,,,,,,,,,,,,TRUE,,,0
398,26-Jun-2026,Fri,,,,,,,,,,,,,,,,,,TRUE,,,0
399,27-Jun-2026,Sat,,,,,,,,,,,,,,,,,,TRUE,,,0
400,28-Jun-2026,Sun,,,,,,,,,,,,,,,,,,,,,
401,29-Jun-2026,Mon,,,,,,,,,,,,,,,,,,TRUE,,,0
402,30-Jun-2026,Tue,,,,,,,,,,,,,,,,,,TRUE,,,0
403,1-Jul-2026,Wed,,,,,,,,,,,,,,,,,,TRUE,,,0
404,2-Jul-2026,Thu,,,,,,,,,,,,,,,,,,TRUE,,,0
405,3-Jul-2026,Fri,,,,,,,,,,,,,,,,,,TRUE,,,0
406,4-Jul-2026,Sat,,,,,,,,,,,,,,,,,,TRUE,,,0
407,5-Jul-2026,Sun,,,,,,,,,,,,,,,,,,,,,
408,6-Jul-2026,Mon,,,,,,,,,,,,,,,,,,TRUE,,,0
409,7-Jul-2026,Tue,,,,,,,,,,,,,,,,,,TRUE,,,0
410,8-Jul-2026,Wed,,,,,,,,,,,,,,,,,,TRUE,,,0
411,9-Jul-2026,Thu,,,,,,,,,,,,,,,,,,TRUE,,,0
412,10-Jul-2026,Fri,,,,,,,,,,,,,,,,,,TRUE,,,0
413,11-Jul-2026,Sat,,,,,,,,,,,,,,,,,,TRUE,,,0
414,12-Jul-2026,Sun,,,,,,,,,,,,,,,,,,,,,
415,13-Jul-2026,Mon,,,,,,,,,,,,,,,,,,TRUE,,,0
416,14-Jul-2026,Tue,,,,,,,,,,,,,,,,,,TRUE,,,0
417,15-Jul-2026,Wed,,,,,,,,,,,,,,,,,,TRUE,,,0
418,16-Jul-2026,Thu,,,,,,,,,,,,,,,,,,TRUE,,,0
419,17-Jul-2026,Fri,,,,,,,,,,,,,,,,,,TRUE,,,0
420,18-Jul-2026,Sat,,,,,,,,,,,,,,,,,,TRUE,,,0
421,19-Jul-2026,Sun,,,,,,,,,,,,,,,,,,TRUE,,,0
422,20-Jul-2026,Mon,,,,,,,,,,,,,,,,,,TRUE,,,0
423,21-Jul-2026,Tue,,,,,,,,,,,,,,,,,,TRUE,,,0
424,22-Jul-2026,Wed,,,,,,,,,,,,,,,,,,TRUE,,,0
425,23-Jul-2026,Thu,,,,,,,,,,,,,,,,,,TRUE,,,0
426,24-Jul-2026,Fri,,,,,,,,,,,,,,,,,,TRUE,,,0
427,25-Jul-2026,Sat,,,,,,,,,,,,,,,,,,TRUE,,,0
428,26-Jul-2026,Sun,,,,,,,,,,,,,,,,,,TRUE,,,0
429,27-Jul-2026,Mon,,,,,,,,,,,,,,,,,,TRUE,,,0
430,28-Jul-2026,Tue,,,,,,,,,,,,,,,,,,TRUE,,,0
431,29-Jul-2026,Wed,,,,,,,,,,,,,,,,,,TRUE,,,0
432,30-Jul-2026,Thu,,,,,,,,,,,,,,,,,,TRUE,,,0
433,31-Jul-2026,Fri,,,,,,,,,,,,,,,,,,TRUE,,,0
434,1-Aug-2026,Sat,,,,,,,,,,,,,,,,,,TRUE,,,0
435,2-Aug-2026,Sun,,,,,,,,,,,,,,,,,,TRUE,,,0
436,3-Aug-2026,Mon,,,,,,,,,,,,,,,,,,TRUE,,,0
437,4-Aug-2026,Tue,,,,,,,,,,,,,,,,,,TRUE,,,0
438,5-Aug-2026,Wed,,,,,,,,,,,,,,,,,,TRUE,,,0
439,6-Aug-2026,Thu,,,,,,,,,,,,,,,,,,TRUE,,,0
440,7-Aug-2026,Fri,,,,,,,,,,,,,,,,,,TRUE,,,0
441,8-Aug-2026,Sat,,,,,,,,,,,,,,,,,,TRUE,,,0
442,9-Aug-2026,Sun,,,,,,,,,,,,,,,,,,TRUE,,,0
443,10-Aug-2026,Mon,,,,,,,,,,,,,,,,,,TRUE,,,0
444,11-Aug-2026,Tue,,,,,,,,,,,,,,,,,,TRUE,,,0
445,12-Aug-2026,Wed,,,,,,,,,,,,,,,,,,TRUE,,,0
446,13-Aug-2026,Thu,,,,,,,,,,,,,,,,,,TRUE,,,0
447,14-Aug-2026,Fri,,,,,,,,,,,,,,,,,,TRUE,,,0
448,15-Aug-2026,Sat,,,,,,,,,,,,,,,,,,TRUE,,,0
449,16-Aug-2026,Sun,,,,,,,,,,,,,,,,,,TRUE,,,0
450,17-Aug-2026,Mon,,,,,,,,,,,,,,,,,,TRUE,,,0
451,18-Aug-2026,Tue,,,,,,,,,,,,,,,,,,TRUE,,,0
452,19-Aug-2026,Wed,,,,,,,,,,,,,,,,,,TRUE,,,0
453,20-Aug-2026,Thu,,,,,,,,,,,,,,,,,,TRUE,,,0
454,21-Aug-2026,Fri,,,,,,,,,,,,,,,,,,TRUE,,,0
455,22-Aug-2026,Sat,,,,,,,,,,,,,,,,,,TRUE,,,0
456,23-Aug-2026,Sun,,,,,,,,,,,,,,,,,,TRUE,,,0
457,24-Aug-2026,Mon,,,,,,,,,,,,,,,,,,TRUE,,,0
458,25-Aug-2026,Tue,,,,,,,,,,,,,,,,,,TRUE,,,0
459,26-Aug-2026,Wed,,,,,,,,,,,,,,,,,,TRUE,,,0
460,27-Aug-2026,Thu,,,,,,,,,,,,,,,,,,TRUE,,,0
461,28-Aug-2026,Fri,,,,,,,,,,,,,,,,,,TRUE,,,0
462,29-Aug-2026,Sat,,,,,,,,,,,,,,,,,,TRUE,,,0
463,30-Aug-2026,Sun,,,,,,,,,,,,,,,,,,TRUE,,,0
464,31-Aug-2026,Mon,,,,,,,,,,,,,,,,,,TRUE,,,0
465,1-Sep-2026,Tue,,,,,,,,,,,,,,,,,,TRUE,,,0
466,2-Sep-2026,Wed,,,,,,,,,,,,,,,,,,TRUE,,,0
467,3-Sep-2026,Thu,,,,,,,,,,,,,,,,,,TRUE,,,0
468,4-Sep-2026,Fri,,,,,,,,,,,,,,,,,,TRUE,,,0
469,5-Sep-2026,Sat,,,,,,,,,,,,,,,,,,TRUE,,,0
470,6-Sep-2026,Sun,,,,,,,,,,,,,,,,,,TRUE,,,0
471,7-Sep-2026,Mon,,,,,,,,,,,,,,,,,,TRUE,,,0
472,8-Sep-2026,Tue,,,,,,,,,,,,,,,,,,TRUE,,,0
473,9-Sep-2026,Wed,,,,,,,,,,,,,,,,,,TRUE,,,0
474,10-Sep-2026,Thu,,,,,,,,,,,,,,,,,,TRUE,,,0
475,11-Sep-2026,Fri,,,,,,,,,,,,,,,,,,TRUE,,,0
476,12-Sep-2026,Sat,,,,,,,,,,,,,,,,,,TRUE,,,0
477,13-Sep-2026,Sun,,,,,,,,,,,,,,,,,,TRUE,,,0
478,14-Sep-2026,Mon,,,,,,,,,,,,,,,,,,TRUE,,,0
479,15-Sep-2026,Tue,,,,,,,,,,,,,,,,,,TRUE,,,0
480,16-Sep-2026,Wed,,,,,,,,,,,,,,,,,,TRUE,,,0
481,17-Sep-2026,Thu,,,,,,,,,,,,,,,,,,TRUE,,,0
482,18-Sep-2026,Fri,,,,,,,,,,,,,,,,,,TRUE,,,0
483,19-Sep-2026,Sat,,,,,,,,,,,,,,,,,,TRUE,,,0
484,20-Sep-2026,Sun,,,,,,,,,,,,,,,,,,TRUE,,,0
485,21-Sep-2026,Mon,,,,,,,,,,,,,,,,,,TRUE,,,0
486,22-Sep-2026,Tue,,,,,,,,,,,,,,,,,,TRUE,,,0
487,23-Sep-2026,Wed,,,,,,,,,,,,,,,,,,TRUE,,,0
488,24-Sep-2026,Thu,,,,,,,,,,,,,,,,,,TRUE,,,0
489,25-Sep-2026,Fri,,,,,,,,,,,,,,,,,,TRUE,,,0
490,26-Sep-2026,Sat,,,,,,,,,,,,,,,,,,TRUE,,,0
491,27-Sep-2026,Sun,,,,,,,,,,,,,,,,,,TRUE,,,0
492,28-Sep-2026,Mon,,,,,,,,,,,,,,,,,,TRUE,,,0
493,29-Sep-2026,Tue,,,,,,,,,,,,,,,,,,TRUE,,,0
494,30-Sep-2026,Wed,,,,,,,,,,,,,,,,,,TRUE,,,0
495,1-Oct-2026,Thu,,,,,,,,,,,,,,,,,,TRUE,,,0
496,2-Oct-2026,Fri,,,,,,,,,,,,,,,,,,TRUE,,,0
497,3-Oct-2026,Sat,,,,,,,,,,,,,,,,,,TRUE,,,0
498,4-Oct-2026,Sun,,,,,,,,,,,,,,,,,,TRUE,,,0
499,5-Oct-2026,Mon,,,,,,,,,,,,,,,,,,TRUE,,,0
500,6-Oct-2026,Tue,,,,,,,,,,,,,,,,,,TRUE,,,0
501,7-Oct-2026,Wed,,,,,,,,,,,,,,,,,,TRUE,,,0
502,8-Oct-2026,Thu,,,,,,,,,,,,,,,,,,TRUE,,,0
503,9-Oct-2026,Fri,,,,,,,,,,,,,,,,,,TRUE,,,0
504,10-Oct-2026,Sat,,,,,,,,,,,,,,,,,,TRUE,,,0
505,11-Oct-2026,Sun,,,,,,,,,,,,,,,,,,TRUE,,,0
506,12-Oct-2026,Mon,,,,,,,,,,,,,,,,,,TRUE,,,0
507,13-Oct-2026,Tue,,,,,,,,,,,,,,,,,,TRUE,,,0
508,14-Oct-2026,Wed,,,,,,,,,,,,,,,,,,TRUE,,,0
509,15-Oct-2026,Thu,,,,,,,,,,,,,,,,,,TRUE,,,0
510,16-Oct-2026,Fri,,,,,,,,,,,,,,,,,,TRUE,,,0
511,17-Oct-2026,Sat,,,,,,,,,,,,,,,,,,TRUE,,,0
512,18-Oct-2026,Sun,,,,,,,,,,,,,,,,,,TRUE,,,0
513,19-Oct-2026,Mon,,,,,,,,,,,,,,,,,,TRUE,,,0
514,20-Oct-2026,Tue,,,,,,,,,,,,,,,,,,TRUE,,,0
515,21-Oct-2026,Wed,,,,,,,,,,,,,,,,,,TRUE,,,0
516,22-Oct-2026,Thu,,,,,,,,,,,,,,,,,,TRUE,,,0
517,23-Oct-2026,Fri,,,,,,,,,,,,,,,,,,TRUE,,,0
518,24-Oct-2026,Sat,,,,,,,,,,,,,,,,,,TRUE,,,0
519,25-Oct-2026,Sun,,,,,,,,,,,,,,,,,,TRUE,,,0
520,26-Oct-2026,Mon,,,,,,,,,,,,,,,,,,TRUE,,,0
521,27-Oct-2026,Tue,,,,,,,,,,,,,,,,,,TRUE,,,0
522,28-Oct-2026,Wed,,,,,,,,,,,,,,,,,,TRUE,,,0
523,29-Oct-2026,Thu,,,,,,,,,,,,,,,,,,TRUE,,,0
524,30-Oct-2026,Fri,,,,,,,,,,,,,,,,,,TRUE,,,0
525,31-Oct-2026,Sat,,,,,,,,,,,,,,,,,,TRUE,,,0
526,1-Nov-2026,Sun,,,,,,,,,,,,,,,,,,TRUE,,,0
527,2-Nov-2026,Mon,,,,,,,,,,,,,,,,,,TRUE,,,0
528,3-Nov-2026,Tue,,,,,,,,,,,,,,,,,,TRUE,,,0
529,4-Nov-2026,Wed,,,,,,,,,,,,,,,,,,TRUE,,,0
530,5-Nov-2026,Thu,,,,,,,,,,,,,,,,,,TRUE,,,0
531,6-Nov-2026,Fri,,,,,,,,,,,,,,,,,,TRUE,,,0
532,7-Nov-2026,Sat,,,,,,,,,,,,,,,,,,TRUE,,,0
533,8-Nov-2026,Sun,,,,,,,,,,,,,,,,,,TRUE,,,0
534,9-Nov-2026,Mon,,,,,,,,,,,,,,,,,,TRUE,,,0
535,10-Nov-2026,Tue,,,,,,,,,,,,,,,,,,TRUE,,,0
536,11-Nov-2026,Wed,,,,,,,,,,,,,,,,,,TRUE,,,0
537,12-Nov-2026,Thu,,,,,,,,,,,,,,,,,,TRUE,,,0
538,13-Nov-2026,Fri,,,,,,,,,,,,,,,,,,TRUE,,,0
539,14-Nov-2026,Sat,,,,,,,,,,,,,,,,,,TRUE,,,0
540,15-Nov-2026,Sun,,,,,,,,,,,,,,,,,,TRUE,,,0
541,16-Nov-2026,Mon,,,,,,,,,,,,,,,,,,TRUE,,,0
542,17-Nov-2026,Tue,,,,,,,,,,,,,,,,,,TRUE,,,0
543,18-Nov-2026,Wed,,,,,,,,,,,,,,,,,,TRUE,,,0
544,19-Nov-2026,Thu,,,,,,,,,,,,,,,,,,TRUE,,,0
545,20-Nov-2026,Fri,,,,,,,,,,,,,,,,,,TRUE,,,0
546,21-Nov-2026,Sat,,,,,,,,,,,,,,,,,,TRUE,,,0
547,22-Nov-2026,Sun,,,,,,,,,,,,,,,,,,TRUE,,,0
548,23-Nov-2026,Mon,,,,,,,,,,,,,,,,,,TRUE,,,0
549,24-Nov-2026,Tue,,,,,,,,,,,,,,,,,,TRUE,,,0
550,25-Nov-2026,Wed,,,,,,,,,,,,,,,,,,TRUE,,,0
551,26-Nov-2026,Thu,,,,,,,,,,,,,,,,,,TRUE,,,0
552,27-Nov-2026,Fri,,,,,,,,,,,,,,,,,,TRUE,,,0
553,28-Nov-2026,Sat,,,,,,,,,,,,,,,,,,TRUE,,,0
554,29-Nov-2026,Sun,,,,,,,,,,,,,,,,,,TRUE,,,0
555,30-Nov-2026,Mon,,,,,,,,,,,,,,,,,,TRUE,,,0
556,1-Dec-2026,Tue,,,,,,,,,,,,,,,,,,TRUE,,,0
557,2-Dec-2026,Wed,,,,,,,,,,,,,,,,,,TRUE,,,0
558,3-Dec-2026,Thu,,,,,,,,,,,,,,,,,,TRUE,,,0
559,4-Dec-2026,Fri,,,,,,,,,,,,,,,,,,TRUE,,,0
560,5-Dec-2026,Sat,,,,,,,,,,,,,,,,,,TRUE,,,0
561,6-Dec-2026,Sun,,,,,,,,,,,,,,,,,,TRUE,,,0
562,7-Dec-2026,Mon,,,,,,,,,,,,,,,,,,TRUE,,,0
563,8-Dec-2026,Tue,,,,,,,,,,,,,,,,,,TRUE,,,0
564,9-Dec-2026,Wed,,,,,,,,,,,,,,,,,,TRUE,,,0
565,10-Dec-2026,Thu,,,,,,,,,,,,,,,,,,TRUE,,,0
566,11-Dec-2026,Fri,,,,,,,,,,,,,,,,,,TRUE,,,0
567,12-Dec-2026,Sat,,,,,,,,,,,,,,,,,,TRUE,,,0
568,13-Dec-2026,Sun,,,,,,,,,,,,,,,,,,TRUE,,,0
569,14-Dec-2026,Mon,,,,,,,,,,,,,,,,,,TRUE,,,0
570,15-Dec-2026,Tue,,,,,,,,,,,,,,,,,,TRUE,,,0
571,16-Dec-2026,Wed,,,,,,,,,,,,,,,,,,TRUE,,,0
572,17-Dec-2026,Thu,,,,,,,,,,,,,,,,,,TRUE,,,0
573,18-Dec-2026,Fri,,,,,,,,,,,,,,,,,,TRUE,,,0
574,19-Dec-2026,Sat,,,,,,,,,,,,,,,,,,TRUE,,,0
575,20-Dec-2026,Sun,,,,,,,,,,,,,,,,,,TRUE,,,0
576,21-Dec-2026,Mon,,,,,,,,,,,,,,,,,,TRUE,,,0
577,22-Dec-2026,Tue,,,,,,,,,,,,,,,,,,TRUE,,,0
578,23-Dec-2026,Wed,,,,,,,,,,,,,,,,,,TRUE,,,0
579,24-Dec-2026,Thu,,,,,,,,,,,,,,,,,,TRUE,,,0
580,25-Dec-2026,Fri,,,,,,,,,,,,,,,,,,TRUE,,,0
581,26-Dec-2026,Sat,,,,,,,,,,,,,,,,,,TRUE,,,0
582,27-Dec-2026,Sun,,,,,,,,,,,,,,,,,,TRUE,,,0
583,28-Dec-2026,Mon,,,,,,,,,,,,,,,,,,TRUE,,,0
584,29-Dec-2026,Tue,,,,,,,,,,,,,,,,,,TRUE,,,0
585,30-Dec-2026,Wed,,,,,,,,,,,,,,,,,,TRUE,,,0
586,31-Dec-2026,Thu,,,,,,,,,,,,,,,,,,TRUE,,,0
Total,,,21432,21435,,,14764,14764,22,,,,,,,,,,,,,,